<?xml version="1.0" encoding="UTF-8"?><?xml-stylesheet type='text/xsl' href='_UpgradeReport_Files/UpgradeReport.xslt'?><UpgradeLog>
<Properties><Property Name="Solution" Value="PMSToMQ">
</Property><Property Name="Solution File" Value="C:\Temp\PMSToMQ\PMSToMQ.sln">
</Property><Property Name="Date" Value="Monday, July 11, 2011">
</Property><Property Name="Time" Value="19:58 PM">
</Property></Properties><Event ErrorLevel="0" Project="" Source="PMSToMQ.sln" Description="Solution converted successfully">
</Event><Event ErrorLevel="3" Project="" Source="PMSToMQ.sln" Description="Converted">
</Event></UpgradeLog>