<?xml version="1.0" encoding="UTF-8"?><?xml-stylesheet type='text/xsl' href='_UpgradeReport_Files/UpgradeReport.xslt'?><UpgradeLog>
<Properties><Property Name="Solution" Value="PMSToMQ">
</Property><Property Name="Solution File" Value="C:\PMSToMQ\PMSToMQ.sln">
</Property><Property Name="User Options File" Value="C:\PMSToMQ\PMSToMQ.suo">
</Property><Property Name="Date" Value="Friday, December 09, 2011">
</Property><Property Name="Time" Value="19:22 PM">
</Property><Property Name="Log Number" Value="2">
</Property></Properties><Event ErrorLevel="0" Project="" Source="PMSToMQ.sln" Description="File successfully backed up as C:\PMSToMQ\Backup\PMSToMQ.sln">
</Event><Event ErrorLevel="0" Project="" Source="PMSToMQ.suo" Description="File successfully backed up as C:\PMSToMQ\Backup\PMSToMQ.suo">
</Event><Event ErrorLevel="0" Project="PMSToMQ" Source="PMSToMQ.vbproj" Description="Project file successfully backed up as C:\PMSToMQ\Backup\PMSToMQ.vbproj">
</Event><Event ErrorLevel="0" Project="PMSToMQ" Source="PMSToMQ.vbproj.user" Description="Project user file successfully backed up as C:\PMSToMQ\Backup\PMSToMQ.vbproj.user">
</Event><Event ErrorLevel="0" Project="PMSToMQ" Source="AssemblyInfo.vb" Description="File successfully backed up as C:\PMSToMQ\Backup\AssemblyInfo.vb">
</Event><Event ErrorLevel="0" Project="PMSToMQ" Source="Module1.vb" Description="File successfully backed up as C:\PMSToMQ\Backup\Module1.vb">
</Event><Event ErrorLevel="0" Project="PMSToMQ" Source="PMSToMQ.vbproj" Description="Project converted successfully">
</Event><Event ErrorLevel="3" Project="PMSToMQ" Source="PMSToMQ.vbproj" Description="Converted">
</Event><Event ErrorLevel="0" Project="" Source="PMSToMQ.sln" Description="Solution converted successfully">
</Event><Event ErrorLevel="3" Project="" Source="PMSToMQ.sln" Description="Converted">
</Event><Event ErrorLevel="0" Project="PMSToMQ" Source="PMSToMQ.vbproj" Description="Scan complete: Upgrade not required for project files.">
</Event></UpgradeLog>